item_nbr,store_nbr,mae,mean_sales,mae_pct,safety_stock,reorder_point,eoq
105574,1,2.14,5.68,37.6,13,53,322
105575,1,3.48,10.2,34.1,24,95,431
105857,1,2.8,5.26,53.3,14,50,310
106716,1,1.51,3.1,48.5,7,29,238
108786,1,1.43,2.64,54.2,8,26,219
108797,1,1.69,3.06,55.2,11,32,236
111223,1,3.1,6.98,44.4,18,67,357
111397,1,1.71,2.94,58.3,14,34,232
114790,1,2.8,2.89,96.7,6,27,230
114799,1,0.64,1.53,42.0,3,13,167
114800,1,2.87,4.02,71.4,16,44,271
115267,1,1.96,2.95,66.4,13,34,232
115611,1,3.86,7.69,50.2,18,72,375
115720,1,1.42,2.22,64.2,6,22,201
115850,1,1.85,3.77,49.0,10,36,262
115891,1,1.59,3.11,51.0,10,32,238
115892,1,2.6,4.26,61.1,15,45,279
115893,1,4.04,6.24,64.7,23,67,337
115894,1,1.88,4.38,43.0,11,41,283
116017,1,2.89,4.81,60.1,14,48,296
116018,1,2.36,3.65,64.6,10,36,258
119026,1,6.21,12.02,51.7,39,123,468
119141,1,3.71,6.59,56.3,23,69,347
119624,1,3.42,5.98,57.2,21,63,330
123347,1,1.07,2.07,51.8,5,20,195
123601,1,1.16,2.3,50.4,6,22,205
125430,1,2.61,4.29,60.8,11,41,280
129296,1,1.12,1.52,73.8,4,15,167
129297,1,1.49,2.48,60.1,7,24,213
129635,1,3.61,12.13,29.8,20,105,471
129758,1,1.61,2.15,74.8,7,22,198
153239,1,1.48,2.83,52.3,8,28,227
153267,1,3.36,6.74,49.8,19,66,351
153398,1,1.74,1.88,92.5,5,18,185
158680,1,1.02,2.28,45.0,5,21,204
158788,1,1.54,2.5,61.8,7,25,214
158789,1,2.36,2.38,99.5,8,25,208
158956,1,2.1,3.12,67.3,9,31,239
159156,1,7.92,14.43,54.9,46,147,513
159242,1,1.88,3.37,55.9,12,35,248
162066,1,3.56,4.63,76.8,21,54,291
164036,1,2.21,5.07,43.5,12,47,304
164088,1,1.44,2.88,50.1,7,27,229
164647,1,2.25,2.76,81.7,8,27,224
165550,1,1.91,2.45,77.9,9,26,211
165551,1,2.34,2.79,84.0,9,29,225
165594,1,2.26,6.83,33.1,13,61,353
165693,1,1.61,4.46,36.0,10,41,285
165704,1,2.74,7.21,38.1,17,67,363
165718,1,1.77,2.41,73.3,8,25,210
165988,1,2.42,5.43,44.5,14,52,315
168927,1,4.48,11.57,38.7,23,104,459
168930,1,3.8,11.37,33.5,26,105,456
170791,1,2.81,7.41,37.9,18,70,368
172184,1,1.35,2.07,65.1,7,22,194
172343,1,0.96,1.97,48.7,4,18,190
173111,1,1.54,2.31,66.9,6,22,205
177395,1,1.14,2.16,52.6,7,22,199
179274,1,2.06,4.38,47.1,11,42,283
179615,1,2.41,7.47,32.2,15,68,369
205387,1,1.42,2.32,61.1,7,23,206
207857,1,6.03,7.93,76.0,39,94,380
208384,1,10.79,14.6,73.9,62,164,516
208386,1,1.14,2.4,47.3,6,23,209
208514,1,0.96,1.89,50.6,5,18,186
209085,1,1.57,2.52,62.2,8,25,215
210798,1,1.69,3.23,52.3,11,34,243
211203,1,3.5,8.93,39.1,21,83,404
211205,1,1.37,2.87,47.6,7,27,229
212552,1,1.33,2.0,66.6,7,21,191
213066,1,1.54,3.34,46.1,10,33,247
213652,1,5.52,7.51,73.6,50,103,370
213788,1,1.09,2.23,48.9,6,22,202
214381,1,2.2,3.96,55.7,14,42,269
214859,1,2.38,3.57,66.7,10,35,255
214860,1,1.72,2.92,58.8,10,30,231
214862,1,1.21,2.48,48.9,6,23,213
215303,1,0.84,1.67,50.1,4,16,174
215327,1,1.57,2.36,66.7,8,24,207
215331,1,2.16,4.69,46.1,12,45,292
215332,1,1.81,3.84,47.1,9,36,265
215352,1,5.55,9.39,59.2,23,89,414
215356,1,2.66,4.17,63.8,18,48,276
215370,1,1.41,2.39,59.0,6,23,209
215896,1,3.79,6.08,62.4,21,64,333
219147,1,1.71,3.56,48.1,10,35,255
219150,1,3.91,8.89,44.0,23,86,403
219152,1,0.85,1.83,46.2,6,19,183
220435,1,3.2,8.47,37.8,19,79,393
222879,1,2.29,5.6,40.8,12,51,320
222975,1,2.29,3.97,57.6,14,42,269
223136,1,2.46,3.61,68.2,13,38,257
223434,1,0.92,2.33,39.7,5,21,206
226126,1,2.08,3.1,67.2,13,35,238
226857,1,4.13,6.43,64.3,19,64,343
252970,1,1.73,4.9,35.4,10,44,299
252972,1,2.86,4.14,69.1,10,39,275
255161,1,1.34,1.2,111.3,2,10,148
257847,1,7.77,5.0,155.4,16,51,302
257848,1,2.87,5.43,52.9,22,60,315
258268,1,2.21,5.23,42.2,12,49,309
258376,1,2.06,3.4,60.7,10,34,249
258396,1,2.49,6.52,38.2,14,60,345
258411,1,1.14,2.44,46.9,6,23,211
261052,1,2.96,7.41,39.9,14,66,368
261053,1,12.3,23.97,51.3,92,260,661
261700,1,1.44,2.85,50.6,8,28,228
262991,1,3.04,3.89,78.1,11,38,266
264299,1,2.2,2.22,99.2,7,22,201
264452,1,1.99,2.81,70.9,9,28,226
265086,1,4.36,3.31,131.5,12,35,246
265237,1,1.54,2.77,55.4,8,27,225
265254,1,4.59,8.87,51.8,27,89,402
265279,1,2.16,3.63,59.4,10,36,257
265559,1,6.21,17.28,35.9,41,162,562
268440,1,1.39,2.46,56.4,13,31,212
268443,1,4.53,4.54,99.7,16,48,288
268664,1,1.77,3.69,48.1,12,37,259
268676,1,1.62,2.9,56.0,8,29,230
268834,1,1.71,2.4,71.4,8,25,209
269029,1,6.78,6.34,106.9,42,86,340
269036,1,1.52,2.84,53.5,9,28,228
269287,1,5.12,6.6,77.5,40,86,347
271479,1,1.5,2.78,54.0,8,27,225
273528,1,3.4,11.1,30.6,22,99,450
275823,1,1.13,1.88,59.9,5,18,185
302952,1,1.48,3.15,47.1,9,31,240
302997,1,1.72,2.61,65.7,10,29,218
302998,1,1.9,3.26,58.2,10,33,244
305079,1,3.1,4.62,67.1,12,44,290
305080,1,5.06,14.05,36.0,35,133,506
305227,1,2.32,4.07,57.0,12,40,273
305229,1,5.72,18.15,31.5,34,161,576
308726,1,0.92,1.62,56.4,4,15,172
310644,1,5.93,11.55,51.3,36,116,459
310671,1,1.49,2.43,61.2,8,25,211
311994,1,2.88,19.51,14.7,18,155,597
314384,1,4.43,17.45,25.4,34,157,564
314393,1,1.95,3.18,61.3,14,36,241
314570,1,1.14,2.13,53.3,5,20,197
314880,1,1.36,2.51,54.2,7,24,214
315176,1,3.94,7.09,55.5,23,73,360
315178,1,3.1,5.37,57.8,14,52,313
315179,1,4.27,3.27,130.4,16,39,244
315180,1,5.71,8.33,68.6,29,87,390
315220,1,1.92,4.33,44.3,11,41,281
315221,1,3.12,9.62,32.4,18,85,419
315277,1,2.33,7.08,32.9,14,63,360
315279,1,1.68,2.39,70.3,5,22,209
315322,1,1.83,2.83,64.6,9,29,227
315460,1,1.52,2.87,53.0,9,29,229
315463,1,3.37,3.49,96.7,18,43,252
315474,1,2.56,2.96,86.6,15,35,232
315712,1,3.24,4.41,73.5,13,44,284
317285,1,4.79,5.39,88.8,22,60,314
318932,1,1.51,1.83,82.4,5,18,183
319093,1,2.13,2.9,73.5,12,32,230
320682,1,3.83,9.93,38.5,26,95,426
322094,1,1.53,2.86,53.5,9,29,228
322095,1,1.27,2.23,57.1,6,22,202
323013,1,2.52,5.34,47.2,13,50,312
323921,1,1.78,3.42,52.1,8,32,250
326951,1,3.0,4.73,63.5,20,53,294
329071,1,1.66,4.15,40.0,9,38,275
329362,1,1.38,2.64,52.1,9,27,220
329397,1,3.33,4.13,80.7,21,50,275
346065,1,1.89,2.54,74.4,6,24,215
352513,1,0.7,1.38,50.6,3,13,159
355090,1,0.93,2.18,42.6,6,21,199
355091,1,4.17,6.57,63.5,24,70,346
358100,1,1.88,4.6,40.9,10,43,290
358231,1,13.13,22.2,59.1,71,227,637
358232,1,3.61,5.45,66.2,20,58,315
358264,1,2.05,3.85,53.4,12,39,265
358272,1,2.3,3.56,64.7,10,35,255
360313,1,1.34,2.73,49.3,8,27,223
360314,1,2.53,6.0,42.1,13,55,331
360703,1,12.29,14.89,82.5,250,354,521
360704,1,5.68,7.15,79.5,34,84,361
361502,1,2.12,4.02,52.8,12,40,271
362548,1,4.38,8.2,53.4,32,89,387
363868,1,3.36,4.12,81.6,13,42,274
363895,1,0.64,1.85,34.5,4,16,184
364413,1,3.01,4.72,63.8,21,54,293
364606,1,11.32,26.82,42.2,77,264,700
364724,1,1.12,2.73,41.0,6,25,223
364738,1,25.57,17.78,143.8,163,287,570
364832,1,1.98,3.37,58.9,10,33,248
364834,1,1.12,2.29,49.0,6,22,204
364865,1,4.0,6.1,65.6,15,57,334
365139,1,2.41,2.67,90.5,9,27,221
365140,1,3.73,4.74,78.6,18,52,294
365264,1,1.7,2.12,80.3,5,19,196
368136,1,2.23,3.1,72.1,13,35,238
368140,1,1.79,2.72,65.8,12,31,223
368213,1,2.4,4.32,55.6,15,45,281
368260,1,2.81,4.37,64.3,16,46,282
368624,1,0.64,1.58,40.4,3,14,170
368628,1,8.37,15.07,55.5,46,152,525
370042,1,3.02,9.77,30.9,18,87,422
371130,1,2.02,3.26,62.0,10,33,244
371437,1,1.45,1.96,74.0,5,19,189
371438,1,1.2,2.24,53.5,6,22,202
372924,1,1.86,2.83,65.8,9,29,227
373152,1,2.84,6.41,44.4,15,60,342
376427,1,2.3,4.25,54.1,12,41,279
378330,1,1.36,2.15,63.4,7,22,198
378685,1,5.81,15.73,37.0,30,140,536
401817,1,3.45,9.37,36.9,20,86,413
402174,1,5.76,8.91,64.6,92,155,403
404336,1,2.9,4.66,62.3,12,45,292
407499,1,2.18,7.05,30.9,13,62,359
407769,1,1.45,1.4,103.7,4,14,160
409738,1,3.0,6.39,47.0,18,63,341
409904,1,1.96,3.06,63.9,10,31,236
410257,1,5.68,10.93,52.0,30,107,447
410866,1,2.39,5.4,44.3,14,52,314
413987,1,2.56,6.34,40.4,14,59,340
414305,1,1.86,2.67,69.6,11,30,221
414353,1,3.03,8.85,34.3,18,80,402
414421,1,2.19,4.65,47.2,12,44,291
414426,1,1.37,2.27,60.4,8,24,203
414454,1,2.24,2.02,110.5,5,20,192
414455,1,1.36,2.74,49.7,8,27,224
414620,1,3.44,6.71,51.2,15,62,350
414621,1,6.69,9.03,74.0,104,167,406
414623,1,2.9,5.09,57.0,14,49,305
414750,1,4.01,10.45,38.4,22,95,437
414752,1,4.85,3.86,125.8,13,40,265
417765,1,2.94,8.24,35.6,17,75,388
418025,1,1.17,1.98,59.3,5,18,190
418026,1,1.06,2.03,52.3,6,21,192
418235,1,7.9,14.91,53.0,36,141,522
418238,1,1.64,1.93,85.0,6,20,188
421066,1,0.85,1.31,65.0,3,12,155
422452,1,1.3,2.57,50.4,7,25,217
426155,1,4.31,8.26,52.2,27,85,388
428054,1,1.21,2.42,49.8,6,23,210
452212,1,2.19,4.55,48.2,13,45,288
454596,1,0.93,2.0,46.7,6,20,191
457424,1,3.35,10.05,33.3,19,89,428
457556,1,1.14,1.59,71.7,4,16,171
457688,1,0.97,2.07,46.7,5,19,194
457928,1,2.36,3.6,65.6,6,31,256
459762,1,1.84,3.26,56.4,10,33,244
459804,1,0.79,1.76,44.9,4,16,179
463598,1,1.09,2.19,49.8,6,22,200
463901,1,1.15,2.24,51.2,6,22,202
463903,1,0.94,2.1,44.8,5,20,196
464263,1,1.87,1.67,112.5,4,15,174
464302,1,3.46,2.04,169.9,6,20,193
464333,1,1.98,3.85,51.3,11,38,265
464334,1,1.47,2.62,56.1,9,27,219
464336,1,1.17,2.35,49.8,9,25,207
464339,1,2.53,4.76,53.1,12,46,295
464356,1,1.49,3.29,45.5,8,31,245
464374,1,17.24,24.97,69.0,90,265,675
464536,1,3.99,5.96,66.8,76,118,330
467808,1,2.28,3.36,67.8,12,35,248
467887,1,2.93,4.31,67.9,21,51,281
468057,1,1.6,2.63,60.8,8,26,219
468265,1,1.47,2.08,70.8,6,21,195
470624,1,2.23,3.61,61.7,12,37,257
471980,1,1.44,3.53,40.9,7,32,254
471985,1,1.06,2.18,48.7,5,20,199
472658,1,1.17,2.54,46.1,5,23,215
502227,1,3.41,4.91,69.5,35,69,299
502230,1,1.79,2.96,60.7,9,30,232
502331,1,7.07,20.85,33.9,45,191,617
507457,1,1.52,3.05,50.0,9,31,236
507478,1,3.1,9.17,33.9,17,81,409
507641,1,1.27,2.57,49.6,8,26,217
507870,1,0.85,1.88,45.4,4,17,185
507969,1,2.57,5.21,49.4,13,49,308
508947,1,3.69,6.52,56.6,20,65,345
510054,1,2.6,2.86,90.8,12,32,229
510055,1,1.76,3.08,56.9,10,31,237
510057,1,4.52,6.77,66.9,28,75,351
513853,1,1.5,2.41,62.4,12,29,210
513855,1,3.28,3.94,83.2,10,38,268
514144,1,2.1,5.09,41.3,11,47,305
514172,1,6.23,6.87,90.6,71,119,354
514242,1,1.77,2.84,62.3,10,30,228
514327,1,5.37,12.12,44.3,37,122,470
514597,1,0.64,1.5,42.7,4,14,165
517615,1,3.74,5.91,63.3,39,80,328
518091,1,15.68,33.87,46.3,87,324,786
518094,1,5.41,10.83,50.0,33,109,445
521818,1,2.74,2.96,92.8,16,37,232
522383,1,2.67,3.52,75.8,10,34,253
522941,1,3.08,3.7,83.1,16,42,260
554049,1,2.03,3.63,55.8,11,36,258
557256,1,4.17,14.02,29.8,28,126,506
557257,1,1.99,3.75,53.1,8,35,262
557285,1,1.6,2.55,62.7,11,28,216
557305,1,1.9,4.31,44.1,10,40,280
557408,1,2.69,5.05,53.2,14,49,304
557420,1,5.19,12.48,41.6,29,117,477
557810,1,0.82,1.89,43.7,5,18,186
559494,1,1.09,2.47,44.0,6,24,212
559870,1,3.64,6.19,58.8,18,61,336
559873,1,1.87,4.21,44.3,10,40,277
563966,1,8.88,10.08,88.1,120,191,429
564110,1,1.8,3.38,53.2,10,33,248
564272,1,1.71,3.87,44.3,9,36,266
564274,1,1.65,3.36,48.9,11,34,248
564287,1,4.07,5.91,68.9,18,59,328
564288,1,1.59,1.69,94.1,4,16,175
564533,1,5.1,8.64,59.1,21,81,397
564534,1,2.39,3.9,61.3,9,36,267
567588,1,1.44,3.75,38.6,9,35,261
567623,1,8.73,13.32,65.6,166,260,493
567750,1,1.84,3.58,51.5,9,34,255
567779,1,1.39,2.0,69.6,7,21,191
570917,1,2.99,7.22,41.4,23,74,363
572838,1,2.08,3.48,59.8,10,34,252
573832,1,2.13,3.93,54.2,10,37,268
574898,1,0.97,1.94,50.3,5,19,188
575675,1,1.86,3.56,52.3,10,35,255
577741,1,2.12,4.84,43.8,11,45,297
578097,1,2.77,5.7,48.5,17,57,323
579759,1,1.45,2.9,49.9,7,27,230
580929,1,1.13,2.22,50.8,6,21,201
581078,1,6.06,10.42,58.2,40,113,436
581742,1,2.13,2.98,71.6,9,30,233
582863,1,2.89,10.14,28.5,17,88,430
582864,1,24.65,45.35,54.4,126,444,910
582865,1,3.29,9.04,36.4,21,84,406
583795,1,2.73,4.9,55.7,13,47,299
583797,1,1.27,1.85,68.4,4,17,184
583799,1,1.57,3.76,41.9,8,34,262
583868,1,1.78,4.22,42.3,11,41,277
583931,1,2.1,4.61,45.6,11,43,290
584028,1,12.6,33.38,37.7,116,350,780
584078,1,1.75,4.42,39.7,9,40,284
586969,1,2.5,3.54,70.5,13,37,254
587069,1,11.98,4.56,263.0,37,69,288
587186,1,2.06,3.87,53.2,10,37,266
598414,1,1.32,2.05,64.4,6,20,193
617103,1,1.03,2.47,41.8,6,23,212
619969,1,2.25,3.69,61.1,12,38,259
621300,1,3.39,7.9,42.9,22,77,380
627263,1,2.4,2.9,82.7,8,29,230
633735,1,93.42,86.79,107.6,472,1079,1259
634009,1,1.55,2.67,58.1,8,27,221
634014,1,1.74,4.16,41.9,11,40,276
639586,1,4.69,8.55,54.9,27,87,395
641042,1,1.98,2.66,74.3,9,27,220
648313,1,1.22,2.16,56.5,6,21,199
651523,1,2.21,3.64,60.7,10,36,258
655427,1,3.88,6.02,64.5,25,67,331
657869,1,3.16,4.64,68.1,17,50,291
660502,1,6.45,11.96,53.9,38,122,467
664543,1,4.75,7.85,60.5,69,124,379
664545,1,1.56,2.55,61.1,10,28,216
668752,1,1.14,1.95,58.4,6,19,189
671039,1,9.19,19.63,46.8,55,193,598
671083,1,1.07,1.48,72.4,3,14,164
675524,1,1.71,3.14,54.6,9,31,239
679442,1,4.3,5.28,81.4,35,72,310
679926,1,1.59,3.38,47.0,9,33,248
683721,1,2.29,4.45,51.5,13,45,285
692104,1,1.68,2.91,57.6,8,28,230
692531,1,3.12,4.42,70.6,16,47,284
692537,1,2.01,4.2,47.8,11,40,277
695758,1,4.58,6.46,70.9,33,79,343
696183,1,1.11,1.78,62.5,4,17,180
699686,1,11.39,27.35,41.7,73,264,706
699703,1,3.74,15.83,23.6,27,138,537
699745,1,1.3,3.13,41.4,7,29,239
716250,1,3.79,8.28,45.8,21,79,389
723184,1,2.01,4.8,41.9,11,44,296
724359,1,1.93,3.26,59.3,9,32,244
724498,1,17.34,10.25,169.2,103,175,433
730258,1,5.53,12.94,42.7,27,117,486
730259,1,3.87,8.11,47.7,25,82,385
736128,1,2.29,2.06,111.2,6,20,194
738219,1,4.28,2.14,200.3,6,21,197
740714,1,1.25,2.04,61.4,9,23,193
740722,1,4.96,8.38,59.2,24,83,391
740729,1,2.83,6.64,42.6,15,62,348
741201,1,2.22,5.22,42.5,12,49,309
749421,1,2.53,4.2,60.2,13,42,277
757888,1,1.94,3.0,64.7,9,30,234
759694,1,1.67,3.91,42.6,9,36,267
759893,1,1.28,1.64,77.6,4,15,173
759894,1,0.67,1.61,41.7,3,15,171
764438,1,2.95,5.29,55.8,13,50,311
764439,1,3.67,4.96,73.9,17,51,301
765517,1,0.58,1.32,43.5,2,11,155
769312,1,1.2,2.04,58.9,5,20,193
769314,1,2.71,5.07,53.4,17,52,304
770463,1,9.2,11.7,78.6,40,122,462
771156,1,1.36,2.83,48.1,9,29,227
781794,1,2.77,4.25,65.2,16,46,278
781796,1,3.39,8.1,41.8,17,74,385
781797,1,2.46,4.67,52.6,12,45,292
781798,1,2.29,3.71,61.8,10,36,260
783243,1,1.48,3.12,47.2,9,31,239
789224,1,2.35,4.65,50.6,11,44,291
789904,1,3.81,6.7,56.8,21,68,350
789905,1,4.82,9.49,50.8,31,97,416
795610,1,2.56,5.48,46.7,15,53,316
796396,1,2.97,4.77,62.3,16,49,295
801217,1,1.62,3.31,49.0,8,32,246
802831,1,2.38,3.18,74.8,11,33,241
802832,1,2.0,3.36,59.5,10,33,248
802833,1,1.31,2.56,51.0,6,24,216
804503,1,1.54,2.03,76.1,7,22,192
804932,1,3.02,7.41,40.8,23,75,368
804974,1,1.97,3.29,59.7,8,31,245
805310,1,4.29,5.48,78.2,13,51,316
805311,1,1.56,2.73,57.0,11,30,223
805321,1,1.5,2.89,51.7,10,30,230
807493,1,3.27,4.81,68.0,19,52,296
807495,1,2.92,3.66,79.7,14,39,258
809882,1,1.49,2.51,59.3,8,25,214
812726,1,0.66,1.35,48.7,3,12,157
812751,1,3.91,5.9,66.3,19,60,328
812757,1,3.65,5.5,66.3,15,53,317
813770,1,2.75,3.94,69.6,14,42,268
819209,1,2.25,4.02,56.1,13,41,271
819228,1,5.29,9.14,57.9,33,97,408
819230,1,1.3,2.41,53.7,8,25,210
819932,1,13.04,30.23,43.1,82,294,743
819933,1,5.27,5.29,99.6,27,64,311
819934,1,6.07,7.71,78.6,30,84,375
823245,1,1.4,2.28,61.6,6,22,204
828204,1,1.74,3.29,52.8,8,31,245
828630,1,3.16,4.95,63.9,18,53,300
828632,1,0.9,1.88,47.7,5,18,185
830625,1,0.6,1.42,42.2,4,14,161
830797,1,1.52,2.69,56.3,9,28,222
830829,1,1.29,2.55,50.6,7,24,216
838215,1,3.33,8.8,37.9,17,79,401
838216,1,5.09,12.9,39.4,42,132,485
838217,1,1.76,3.1,56.9,7,28,238
838400,1,2.22,4.58,48.5,11,43,289
838406,1,1.45,2.64,54.7,6,25,220
838407,1,3.77,6.29,59.9,23,67,339
838408,1,2.51,4.33,57.8,12,42,281
838409,1,1.39,3.0,46.4,8,29,234
839362,1,3.14,4.04,77.7,13,42,272
839363,1,2.97,4.41,67.3,19,49,284
839364,1,2.35,3.65,64.4,11,37,258
839367,1,1.27,2.42,52.6,6,23,210
839545,1,1.98,3.52,56.3,9,33,253
841197,1,5.02,15.63,32.1,28,138,534
841514,1,2.29,3.84,59.8,15,42,265
841570,1,1.44,2.42,59.4,7,24,210
841612,1,3.79,4.53,83.5,12,44,288
841614,1,2.18,2.51,86.9,5,23,214
841667,1,2.91,5.37,54.2,15,52,313
841841,1,2.89,3.22,89.6,9,31,242
841842,1,5.24,5.16,101.4,20,56,307
843585,1,3.41,8.24,41.3,17,75,388
844017,1,1.87,3.24,57.8,7,30,243
847859,1,5.82,10.35,56.2,30,102,435
847863,1,1.44,2.44,58.9,6,23,211
847894,1,2.05,4.38,46.7,11,41,283
848765,1,2.1,4.12,50.9,13,42,274
849142,1,2.48,4.39,56.5,12,43,283
849312,1,2.16,5.98,36.2,21,63,330
850333,1,1.25,2.78,45.0,7,26,225
850460,1,1.46,2.54,57.4,7,25,215
851982,1,3.02,5.36,56.3,22,59,313
852110,1,5.5,14.35,38.3,37,138,512
856687,1,76.57,90.89,84.2,485,1121,1288
856688,1,56.84,56.0,101.5,356,748,1011
859966,1,2.06,4.05,50.9,12,40,272
862454,1,2.89,5.33,54.3,12,50,312
864290,1,2.02,4.75,42.6,12,45,294
864508,1,1.33,2.02,65.8,5,19,192
864510,1,2.39,2.4,99.7,7,24,209
865147,1,1.32,2.15,61.2,5,21,198
866927,1,3.33,8.02,41.6,17,73,382
868529,1,16.16,4.14,390.3,12,41,275
870544,1,2.97,4.1,72.4,36,65,273
870545,1,7.24,4.87,148.7,18,52,298
870546,1,1.23,1.92,64.3,13,27,187
871421,1,1.72,3.0,57.3,9,30,234
871600,1,0.89,2.0,44.3,5,19,191
872317,1,1.01,1.72,58.4,4,16,177
874593,1,3.41,3.58,95.3,18,43,255
876663,1,2.46,4.57,53.8,11,43,289
877513,1,1.3,1.88,69.3,5,18,185
877514,1,4.49,9.14,49.1,34,98,408
881701,1,1.65,2.53,65.2,11,29,215
881911,1,2.72,2.93,93.0,8,28,231
881912,1,1.16,2.18,53.3,6,21,200
882624,1,2.27,7.9,28.7,14,69,380
884878,1,2.21,2.21,99.9,6,22,201
885543,1,7.17,12.23,58.7,43,129,472
886398,1,1.12,2.34,47.8,5,22,207
888761,1,1.83,2.33,78.5,7,23,206
888763,1,1.71,2.26,75.8,8,24,203
890213,1,2.06,3.16,65.2,10,32,240
890215,1,1.81,3.02,59.9,10,31,235
892076,1,1.56,4.02,38.8,9,37,271
895291,1,6.12,10.98,55.8,36,113,448
898656,1,2.23,3.78,59.0,11,37,263
903284,1,6.6,19.86,33.2,50,189,602
903285,1,8.8,23.47,37.5,57,221,654
903286,1,9.51,24.56,38.7,66,238,670
906979,1,5.45,6.94,78.5,25,74,356
907684,1,3.88,8.55,45.4,20,80,395
911429,1,2.32,3.35,69.3,9,33,247
911871,1,0.88,1.59,55.0,3,15,170
911989,1,1.81,2.31,78.5,7,23,205
913102,1,5.6,8.38,66.8,40,99,391
913363,1,8.7,18.93,45.9,51,183,588
913364,1,5.3,11.98,44.3,29,112,468
913967,1,1.44,2.92,49.2,8,28,231
913968,1,2.13,6.05,35.2,12,55,332
916885,1,2.32,2.44,95.4,7,24,211
916886,1,3.73,9.97,37.5,19,89,426
926958,1,2.34,3.04,77.0,8,29,236
933780,1,2.73,5.98,45.6,18,60,330
938566,1,7.16,5.0,143.2,57,92,302
938567,1,11.33,6.49,174.6,107,152,344
938570,1,2.91,4.22,69.1,15,45,278
938574,1,1.59,2.66,59.9,7,26,220
938575,1,19.3,3.55,544.0,28,53,254
938576,1,70.26,20.62,340.8,279,424,613
939129,1,1.66,3.06,54.1,8,30,236
939130,1,1.26,2.75,45.8,6,26,224
939207,1,5.22,10.27,50.8,29,101,433
939210,1,3.68,5.62,65.4,19,58,320
939661,1,1.67,2.38,70.3,7,24,208
939662,1,0.99,1.79,55.4,4,17,181
939663,1,1.17,2.11,55.6,6,21,196
940591,1,1.69,4.1,41.2,9,38,274
940592,1,3.64,7.33,49.6,25,76,366
949053,1,1.67,2.76,60.8,7,27,224
949243,1,1.2,2.06,58.2,7,21,194
949296,1,0.75,1.48,50.6,4,14,164
949297,1,1.0,1.68,59.9,4,16,175
949298,1,0.87,1.56,55.7,4,15,169
949299,1,0.46,1.27,36.4,2,11,152
953427,1,2.91,6.49,44.8,19,65,344
953428,1,3.45,6.6,52.3,19,65,347
956012,1,5.1,5.34,95.5,24,61,312
956013,1,2.95,4.88,60.5,15,49,298
956014,1,2.75,5.6,49.1,14,53,320
959437,1,3.8,4.0,95.1,15,43,270
959502,1,5.18,9.54,54.3,39,106,417
964752,1,4.79,8.0,59.9,24,80,382
964753,1,1.49,2.9,51.4,7,28,230
968432,1,4.93,16.32,30.2,26,140,546
968935,1,3.65,6.56,55.7,22,68,346
977007,1,1.57,2.74,57.2,10,30,224
979195,1,1.38,2.47,56.1,9,26,212
979196,1,1.14,2.05,55.8,5,20,193
985823,1,4.41,8.62,51.2,24,84,397
986193,1,2.94,5.05,58.2,14,49,304
987308,1,3.43,8.97,38.2,19,82,405
988459,1,13.74,32.29,42.6,56,282,768
991114,1,1.89,2.28,82.7,7,23,204
999545,1,2.72,4.89,55.6,12,46,299
999546,1,3.28,5.02,65.4,15,50,303
999547,1,10.39,18.51,56.2,72,201,581
1003679,1,1.25,2.14,58.5,6,21,197
1004550,1,5.81,15.42,37.7,38,146,530
1004551,1,6.27,11.87,52.8,34,117,465
1012787,1,2.36,4.09,57.8,14,43,273
1014864,1,1.65,3.22,51.1,9,31,243
1014865,1,3.87,8.0,48.4,23,79,382
1018878,1,3.22,4.92,65.5,13,47,300
1021281,1,1.75,2.84,61.6,9,29,228
1028589,1,0.92,1.98,46.4,5,19,190
1033395,1,2.84,4.71,60.3,13,46,293
1036689,1,3.56,7.61,46.8,27,80,373
1037845,1,3.04,7.45,40.8,17,69,369
1037846,1,3.11,7.2,43.2,21,72,363
1037857,1,6.44,9.24,69.7,38,103,411
1044592,1,0.94,2.08,44.9,5,19,195
1047674,1,3.36,7.22,46.5,19,70,363
1047675,1,3.71,6.79,54.7,17,64,352
1047679,1,15.88,35.02,45.3,94,339,799
1047680,1,5.31,19.92,26.7,32,172,603
1047681,1,3.72,7.17,51.9,18,68,362
1047682,1,4.75,3.9,121.9,12,39,267
1047685,1,6.73,18.75,35.9,37,168,585
1047690,1,6.08,20.98,29.0,35,182,619
1047696,1,1.44,2.32,61.9,8,25,206
1047702,1,2.15,2.81,76.5,9,29,226
1047703,1,2.08,3.66,56.8,11,37,258
1047717,1,0.86,1.96,44.1,5,19,189
1047733,1,2.1,2.68,78.2,11,30,221
1047735,1,2.29,3.92,58.4,13,40,268
1047743,1,2.43,2.1,115.8,8,23,196
1047751,1,2.52,3.98,63.2,13,40,270
1047752,1,1.9,3.06,62.2,8,30,236
1047753,1,3.19,6.34,50.3,17,62,340
1047755,1,2.23,4.95,45.0,11,46,301
1047756,1,2.31,3.8,60.9,12,39,263
1047757,1,2.09,2.81,74.3,11,30,226
1047758,1,1.97,3.21,61.5,10,33,242
1047772,1,10.5,12.14,86.5,89,174,471
1047773,1,5.0,6.46,77.3,71,116,343
1047774,1,5.77,7.82,73.8,39,94,378
1047775,1,6.06,6.94,87.3,45,94,356
1047786,1,3.1,5.61,55.3,18,57,320
1047790,1,3.98,7.91,50.3,24,79,380
1050142,1,1.4,2.37,59.1,9,26,208
1052563,1,5.16,11.03,46.8,29,106,449
1057033,1,5.38,11.36,47.3,34,114,455
1057034,1,1.37,4.06,33.8,9,37,272
1057491,1,2.73,3.33,82.0,14,37,246
1057495,1,2.95,3.33,88.7,11,35,246
1060036,1,3.7,4.38,84.7,23,54,283
1062374,1,2.81,3.59,78.5,11,36,256
1062926,1,2.81,3.9,72.0,12,40,267
1066900,1,5.53,7.6,72.8,33,86,373
1066901,1,4.36,7.4,58.9,35,86,367
1070962,1,1.41,2.0,70.6,6,20,191
1071928,1,1.03,2.07,49.8,6,20,194
1071949,1,3.12,5.5,56.8,18,56,317
1074327,1,12.15,13.46,90.3,43,137,496
1076066,1,1.98,3.25,60.9,12,35,244
1080021,1,1.24,2.28,54.2,6,22,204
1080756,1,0.89,1.11,80.1,1,9,142
1081359,1,0.95,2.23,42.6,6,21,202
1082042,1,2.84,4.49,63.4,16,48,286
1083152,1,4.1,15.03,27.3,24,129,524
1083196,1,2.79,8.67,32.2,21,81,398
1084437,1,2.12,3.94,53.7,13,40,268
1084881,1,1.9,4.16,45.8,10,39,275
1084882,1,1.6,3.02,53.1,11,32,235
1087269,1,1.64,2.96,55.4,9,30,233
1087270,1,1.1,2.94,37.5,7,27,232
1089044,1,1.28,2.68,47.9,7,26,221
1089045,1,1.33,2.61,51.1,6,24,218
1089046,1,1.64,3.1,52.8,8,30,238
1089843,1,2.19,5.09,43.1,13,48,305
1089844,1,1.92,4.02,47.7,11,39,271
1091366,1,2.59,4.25,61.0,9,39,279
1091367,1,6.53,7.12,91.7,60,110,360
1096235,1,1.89,3.48,54.3,10,35,252
1102268,1,0.92,1.95,47.2,5,19,189
1102976,1,1.21,1.96,62.0,5,19,189
1104598,1,1.32,3.14,42.2,9,31,239
1104599,1,2.12,3.28,64.8,15,38,245
1104725,1,1.65,2.52,65.2,11,28,215
1105210,1,2.77,3.6,77.0,21,47,256
1105211,1,3.23,6.88,47.0,17,66,354
1105212,1,6.26,9.56,65.5,45,112,418
1105228,1,1.39,1.95,71.2,10,23,189
1109116,1,3.34,13.57,24.6,20,115,498
1109325,1,4.17,7.86,53.0,29,84,379
1109326,1,1.96,2.58,76.0,7,25,217
1109389,1,3.34,6.98,47.9,17,66,357
1109390,1,2.08,3.21,64.8,10,33,242
1109391,1,1.27,2.98,42.6,8,29,233
1112450,1,1.33,2.37,56.0,7,23,208
1112839,1,2.8,5.26,53.2,16,53,310
1114566,1,5.5,6.28,87.6,32,76,339
1114567,1,5.99,7.72,77.6,40,94,375
1114914,1,1.02,2.26,45.0,5,21,203
1116113,1,2.04,2.08,98.2,6,21,195
1117661,1,2.66,3.48,76.3,24,49,252
1118775,1,3.03,3.52,86.2,12,36,253
1121513,1,0.91,1.67,54.4,4,16,174
1121515,1,0.98,2.02,48.4,5,19,192
1121615,1,1.98,3.75,52.8,10,36,262
1121616,1,3.12,6.15,50.7,13,57,335
1134971,1,1.96,2.68,73.0,9,28,221
1137146,1,3.58,7.56,47.3,23,76,371
1143685,1,3.53,4.49,78.7,18,49,286
1143691,1,1.25,1.97,63.6,5,19,190
1145597,1,1.38,2.44,56.3,9,26,211
1146496,1,9.49,31.45,30.2,78,298,758
1146785,1,12.3,12.18,101.0,199,284,472
1146786,1,5.09,8.34,61.1,30,88,390
1146795,1,4.2,10.53,39.9,21,95,438
1146796,1,2.25,2.67,84.2,8,27,221
1146797,1,1.57,2.93,53.7,9,30,231
1146800,1,2.48,5.12,48.4,23,59,306
1146801,1,3.04,5.97,50.9,18,60,330
1146802,1,2.4,2.87,83.6,9,29,229
1146803,1,1.3,2.36,54.9,6,23,208
1147495,1,3.1,4.79,64.7,15,48,296
1148812,1,5.89,8.96,65.7,38,100,404
1149069,1,2.48,4.8,51.6,17,50,296
1149225,1,1.51,1.43,106.0,3,13,161
1149579,1,1.15,2.39,48.0,6,22,209
1150954,1,1.96,2.61,75.1,8,26,218
1153584,1,5.55,15.55,35.7,45,153,533
1157329,1,2.53,4.45,56.8,12,43,285
1157462,1,3.18,7.16,44.5,18,69,361
1157561,1,2.9,9.22,31.5,18,83,410
1157564,1,4.39,9.14,48.1,30,94,408
1158719,1,2.4,2.65,90.6,10,29,220
1158720,1,2.85,3.54,80.6,8,33,254
1159413,1,1.43,3.06,46.8,9,30,236
1159414,1,1.64,3.65,44.9,8,34,258
1159415,1,0.94,1.33,70.6,3,12,156
1159597,1,3.97,3.58,110.7,21,46,256
1159726,1,2.53,5.26,48.0,13,50,310
1159728,1,2.44,5.62,43.5,13,52,320
1160872,1,3.78,5.65,66.8,15,54,321
1160873,1,2.6,5.52,47.1,14,52,317
1161571,1,3.58,9.68,37.0,23,90,420
1161572,1,1.75,1.85,94.8,4,17,184
1162382,1,4.53,14.4,31.5,29,130,513
1164290,1,1.87,3.93,47.7,9,37,268
1165987,1,1.82,3.42,53.2,11,35,250
1165988,1,4.14,3.7,111.8,13,39,260
1165989,1,4.05,3.32,122.1,11,34,246
1166474,1,7.36,7.93,92.9,32,87,380
1166475,1,5.85,10.84,54.0,24,100,445
1167544,1,4.38,3.1,141.3,11,32,238
1167545,1,2.73,4.0,68.2,12,40,270
1168717,1,0.89,1.68,52.8,4,16,175
1171140,1,3.04,5.93,51.3,16,58,329
1173853,1,1.85,2.82,65.7,9,29,227
1182733,1,4.4,5.54,79.5,22,61,318
1214325,1,0.96,1.82,52.9,5,17,182
1222571,1,2.02,2.93,69.0,8,28,231
1228319,1,2.16,3.78,57.2,11,38,263
1229025,1,1.86,2.62,70.9,9,28,219
1229028,1,2.15,3.4,63.1,12,35,249
1239739,1,2.83,4.12,68.6,25,54,274
1239783,1,1.78,2.38,75.0,6,22,208
1239785,1,1.69,2.86,59.1,9,29,229
1239789,1,2.66,3.64,73.1,12,38,258
1239790,1,3.83,4.26,89.8,13,43,279
1239791,1,3.21,5.19,61.8,18,55,308
1239796,1,3.2,4.79,66.9,15,49,296
1239806,1,2.85,7.7,37.0,18,72,375
1239807,1,2.16,3.93,54.9,13,40,268
1239808,1,3.22,3.4,95.0,10,33,249
1239809,1,2.67,4.51,59.2,15,47,287
1239810,1,3.02,5.3,57.0,17,54,311
1239815,1,1.21,2.22,54.6,6,21,201
1239817,1,1.31,2.18,60.0,6,21,200
1239818,1,1.22,2.39,51.2,7,23,209
1239819,1,1.39,3.14,44.2,8,30,239
1239820,1,2.14,3.67,58.3,11,36,259
1239846,1,1.49,2.77,53.6,7,27,225
1239852,1,4.32,7.75,55.8,27,81,376
1239854,1,3.32,4.04,82.2,11,39,272
1239856,1,3.47,6.03,57.6,18,60,332
1239857,1,2.05,3.75,54.7,10,36,262
1239858,1,3.76,7.84,48.0,21,76,378
1239859,1,8.91,15.15,58.8,61,167,526
1239860,1,3.62,7.73,46.8,20,74,376
1239861,1,2.7,6.91,39.0,15,64,355
1239867,1,2.82,6.63,42.5,15,61,348
1239868,1,3.57,6.46,55.2,18,63,343
1239875,1,7.2,7.62,94.5,28,81,373
1239877,1,5.93,15.3,38.8,39,146,528
1239890,1,3.84,9.32,41.2,23,88,412
1239897,1,7.15,24.96,28.7,42,217,675
1239899,1,3.91,7.38,53.0,20,72,367
1239901,1,3.59,8.63,41.7,20,80,397
1239902,1,3.21,8.59,37.4,20,80,396
1239905,1,1.3,3.0,43.4,9,30,234
1239906,1,1.79,3.28,54.5,11,34,245
1239908,1,1.84,4.11,44.8,10,38,274
1239911,1,1.84,3.8,48.4,10,37,263
1239912,1,3.22,7.0,46.0,18,67,357
1239913,1,1.22,2.13,57.3,6,21,197
1239914,1,2.12,3.34,63.5,10,34,247
1239918,1,2.35,3.09,76.2,13,35,237
1239954,1,1.17,1.74,67.2,5,17,178
1239955,1,1.55,2.4,64.4,8,25,209
1239956,1,1.37,2.26,60.7,8,24,203
1246758,1,5.09,8.14,62.5,46,103,385
1246784,1,3.06,4.31,71.0,16,46,280
1246785,1,1.48,2.65,55.6,9,27,220
1254013,1,2.91,4.44,65.5,13,44,285
1305845,1,3.38,6.65,50.8,17,64,348
1306197,1,0.93,2.04,45.6,5,19,193
1306198,1,2.75,5.21,52.8,19,55,308
1309246,1,5.42,12.67,42.8,26,115,481
1309297,1,22.19,21.11,105.1,85,233,621
1313222,1,2.34,4.71,49.5,13,46,293
1313223,1,3.76,5.95,63.2,15,57,330
1314409,1,2.58,3.92,65.9,18,45,267
1322479,1,5.05,12.53,40.3,25,113,478
1328495,1,5.29,3.95,134.0,32,60,268
1328907,1,2.62,4.95,53.0,14,49,300
1333307,1,8.69,25.02,34.7,49,224,676
1333994,1,2.55,4.87,52.4,14,48,298
1342003,1,3.24,5.12,63.3,17,53,306
1342006,1,1.48,2.17,68.1,5,21,199
1342008,1,2.29,2.78,82.5,7,26,225
1342009,1,1.4,2.61,53.6,7,26,218
1346627,1,1.3,2.36,55.1,6,23,208
1346628,1,1.02,1.83,55.9,4,17,183
1346636,1,2.16,2.87,75.3,11,31,229
1346637,1,2.48,3.61,68.8,14,39,257
1346638,1,2.66,3.96,67.1,11,39,269
1353189,1,2.9,4.12,70.5,14,43,274
1354380,1,1.86,3.48,53.5,13,38,252
1354383,1,0.71,1.7,41.6,4,16,176
1354711,1,3.1,6.42,48.3,16,61,342
1354712,1,4.54,7.83,58.0,28,82,378
1371618,1,1.52,3.29,46.2,8,32,245
1391549,1,2.44,3.65,66.7,11,36,258
1397060,1,3.02,4.81,62.8,15,48,296
1397061,1,9.78,15.93,61.4,48,160,539
1397062,1,6.57,9.46,69.4,30,96,416
1404385,1,1.53,2.0,76.6,6,20,191
1418845,1,5.28,8.07,65.3,28,85,384
1427659,1,6.75,28.37,23.8,49,247,720
1428328,1,10.9,20.19,54.0,65,207,607
1428331,1,2.67,6.13,43.5,14,57,335
1430040,1,11.96,21.29,56.2,69,218,623
1430041,1,6.25,13.63,45.9,35,131,499
1455482,1,3.65,6.64,55.0,19,66,348
1456881,1,2.71,4.78,56.8,14,47,295
1457012,1,2.6,5.46,47.7,20,58,316
1457175,1,2.13,2.92,72.9,7,28,231
1457176,1,2.22,2.95,75.3,8,29,232
1457179,1,10.81,13.09,82.6,66,157,489
1457181,1,1.53,4.26,35.9,10,40,279
1457182,1,1.56,2.85,54.8,8,28,228
1457183,1,1.97,3.33,59.2,7,31,246
1457184,1,1.59,2.54,62.7,7,25,215
1457217,1,1.54,3.18,48.4,8,31,241
1457231,1,1.97,3.81,51.6,9,36,264
1457328,1,2.65,6.23,42.5,15,58,337
1457337,1,2.92,9.73,30.0,18,86,421
1457338,1,4.25,6.19,68.7,14,58,336
1457341,1,3.29,9.65,34.1,18,85,420
1459058,1,3.27,7.57,43.3,19,72,372
1463507,1,5.28,6.28,84.1,22,66,339
1463509,1,3.36,5.38,62.3,20,57,313
1463510,1,3.72,5.43,68.5,16,54,315
1463609,1,1.67,1.8,92.6,5,17,181
1463625,1,2.32,4.05,57.3,11,40,272
1463626,1,3.08,5.45,56.6,17,55,315
1463637,1,2.33,4.3,54.1,11,41,280
1463765,1,2.42,5.25,46.1,18,55,310
1463771,1,3.69,7.0,52.7,18,67,357
1463773,1,2.15,5.43,39.7,14,52,315
1463786,1,2.22,4.0,55.4,11,39,270
1463787,1,5.91,9.42,62.7,29,95,415
1463797,1,7.29,9.08,80.3,67,130,407
1463798,1,4.33,8.05,53.8,23,80,383
1463801,1,3.51,4.52,77.6,14,46,287
1463806,1,1.24,2.31,53.7,7,23,205
1463807,1,4.28,4.5,95.0,38,70,287
1463810,1,24.8,41.21,60.2,155,444,867
1463812,1,8.34,8.74,95.5,32,93,399
1463814,1,34.55,57.22,60.4,205,605,1022
1463819,1,3.91,7.61,51.4,19,73,373
1463820,1,6.02,10.5,57.3,28,102,438
1463823,1,12.51,19.88,62.9,50,190,602
1463825,1,8.55,18.32,46.7,50,178,578
1463855,1,4.63,4.3,107.8,15,46,280
1463857,1,4.35,7.31,59.5,24,75,365
1463860,1,4.16,6.98,59.6,20,69,357
1463862,1,6.15,15.6,39.4,35,144,534
1463865,1,4.1,7.81,52.5,23,78,378
1463866,1,6.79,16.27,41.7,38,152,545
1463867,1,5.92,5.09,116.2,14,50,305
1463881,1,7.2,12.14,59.3,40,125,471
1463885,1,5.33,8.84,60.3,30,92,402
1463896,1,4.9,8.42,58.1,22,81,392
1463897,1,3.18,5.76,55.2,19,60,324
1463898,1,2.86,4.2,68.2,14,44,277
1463899,1,4.92,4.41,111.4,14,45,284
1463992,1,14.02,59.53,23.5,87,504,1042
1463993,1,10.82,53.28,20.3,83,456,986
1463994,1,7.19,16.34,44.0,38,152,546
1463998,1,3.37,4.56,73.9,17,49,289
1464002,1,15.61,14.81,105.5,94,198,520
1464005,1,6.92,7.76,89.1,32,86,376
1464025,1,4.84,7.17,67.5,25,75,362
1464034,1,4.81,7.95,60.5,26,82,381
1464045,1,7.13,16.68,42.7,48,165,552
1464070,1,2.42,4.92,49.2,15,50,300
1464086,1,3.98,6.79,58.6,23,71,352
1464087,1,3.63,4.91,73.9,16,51,299
1464088,1,1.06,2.32,45.5,5,22,206
1464092,1,1.08,2.19,49.3,5,21,200
1464093,1,1.81,2.67,68.0,8,27,221
1464207,1,1.93,3.87,49.7,11,38,266
1464208,1,1.48,2.45,60.3,7,24,211
1464210,1,2.49,4.83,51.5,13,47,297
1464217,1,1.16,2.32,49.8,6,22,206
1464218,1,3.47,4.63,74.9,25,58,291
1464237,1,11.86,22.76,52.1,68,228,645
1464239,1,3.02,4.8,62.9,18,52,296
1464240,1,9.33,15.56,60.0,48,157,533
1464312,1,2.87,5.25,54.7,15,52,310
1473393,1,5.63,32.63,17.3,57,286,772
1473394,1,4.24,21.99,19.3,39,193,633
1473396,1,3.06,5.68,53.8,15,55,322
1473403,1,5.03,18.48,27.2,43,172,581
1473404,1,10.41,44.65,23.3,92,404,903
1473406,1,6.15,24.47,25.1,51,222,668
1473409,1,2.39,5.0,47.9,15,50,302
1473410,1,6.56,41.61,15.8,94,385,871
1473412,1,5.67,16.99,33.4,52,171,557
1473413,1,2.58,6.05,42.6,19,61,332
1473414,1,2.58,6.17,41.8,17,61,336
1473415,1,2.63,4.78,55.0,19,53,295
1473425,1,5.48,13.09,41.8,38,129,489
1473427,1,2.64,7.52,35.1,18,70,370
1473428,1,9.63,41.81,23.0,95,388,873
1473474,1,10.77,92.6,11.6,138,786,1300
1473475,1,5.47,13.49,40.5,38,132,496
1473476,1,4.25,10.46,40.7,33,106,437
1473477,1,2.65,12.55,21.1,26,114,479
1473478,1,10.02,32.1,31.2,72,297,765
1473479,1,17.25,33.25,51.9,110,342,779
1473482,1,6.73,31.44,21.4,61,281,757
1473483,1,1.83,5.81,31.6,13,54,326
1473488,1,2.44,6.53,37.4,14,60,345
1473511,1,4.24,10.31,41.1,22,94,434
1489833,1,3.06,7.28,42.0,19,70,365
1489836,1,4.51,11.25,40.1,29,108,453
1489850,1,2.84,7.53,37.7,21,74,371
1489879,1,4.26,10.87,39.2,25,101,445
1489882,1,6.39,12.55,50.9,31,119,479
1489899,1,2.97,8.48,35.0,16,75,393
1489908,1,5.99,10.07,59.4,34,104,429
1501508,1,10.21,11.73,87.1,40,122,463
1501524,1,4.43,9.83,45.0,24,93,424
1501570,1,4.65,11.46,40.5,28,108,457
1501581,1,2.79,6.1,45.7,16,58,334
1502383,1,4.6,11.11,41.4,33,110,450
1502391,1,4.24,15.29,27.8,35,142,528
1502392,1,11.21,52.48,21.4,118,485,979
1503844,1,26.39,147.25,17.9,229,1260,1639
1503847,1,17.51,51.3,34.1,125,484,968
1503855,1,6.68,15.31,43.6,45,152,529
1503891,1,2.82,8.47,33.3,16,76,393
1503899,1,3.18,6.32,50.3,22,66,340
1584574,1,4.41,10.5,42.0,29,103,438
1584575,1,8.45,27.08,31.2,53,243,703
1584576,1,4.8,15.7,30.6,32,142,535
1585782,1,3.85,8.22,46.9,16,73,387
1625605,1,9.82,36.83,26.7,69,326,820
1642399,1,17.17,61.57,27.9,115,546,1060
1642400,1,8.45,32.08,26.3,54,279,765
1642664,1,2.34,5.75,40.6,17,57,324
1660271,1,4.16,9.88,42.1,27,97,425
1672581,1,3.09,6.26,49.4,20,64,338
1673297,1,4.71,6.77,69.5,23,70,352
1686650,1,2.76,5.16,53.6,18,54,307
1686656,1,7.11,22.93,31.0,41,202,647
1686664,1,5.48,14.82,37.0,30,133,520
1693644,1,3.17,9.28,34.2,22,87,412
1693647,1,3.64,12.9,28.2,28,119,485
1693648,1,5.81,24.08,24.1,72,241,663
1693656,1,7.51,25.22,29.8,57,233,678
1693657,1,6.37,15.47,41.2,37,146,531
1695820,1,3.71,7.42,49.9,20,72,368
1695823,1,8.34,40.9,20.4,80,366,864
1695825,1,2.18,5.85,37.2,17,58,327
1695828,1,12.03,31.78,37.9,68,290,762
1695830,1,3.92,12.16,32.2,24,109,471
1695831,1,4.22,11.67,36.2,26,107,462
1695835,1,15.12,48.58,31.1,103,444,942
1695836,1,12.31,29.14,42.3,68,272,729
1695837,1,4.11,5.88,69.9,19,60,328
1695845,1,5.64,25.53,22.1,51,230,683
1695873,1,3.75,7.12,52.6,18,68,360
1695874,1,5.45,15.3,35.6,27,134,528
1695875,1,4.93,15.65,31.5,32,142,534
1695882,1,1.95,5.92,32.9,16,57,329
1695887,1,3.6,7.91,45.5,20,75,380
1695900,1,3.72,6.43,57.9,22,67,343
1695931,1,3.24,6.2,52.3,20,63,336
1695935,1,3.04,6.63,45.8,15,62,348
1695950,1,4.36,14.55,30.0,28,129,515
1695961,1,3.82,7.64,50.1,19,72,373
1695971,1,4.51,7.81,57.8,22,77,377
1696003,1,4.73,16.54,28.6,34,150,549
1696007,1,11.39,27.19,41.9,67,257,704
1696022,1,4.01,8.66,46.3,21,81,398
1696041,1,7.06,21.31,33.1,77,226,624
1696046,1,3.99,9.86,40.5,28,97,424
1696052,1,5.47,14.97,36.5,36,141,523
1719236,1,4.61,9.06,50.8,22,85,407
1751174,1,6.29,29.53,21.3,67,274,734
1751175,1,4.83,11.75,41.1,25,107,463
1751176,1,4.51,16.41,27.5,41,156,547
1909752,1,6.91,13.83,49.9,36,133,502
1913236,1,6.17,9.0,68.5,37,100,405
1913257,1,1.28,2.46,52.1,6,23,212
1913462,1,5.04,11.66,43.2,27,108,461
1913463,1,5.77,13.14,43.9,37,129,490
1913464,1,4.07,10.29,39.6,28,100,433
1916577,1,2.44,3.81,64.1,11,38,264
1920045,1,4.33,7.68,56.3,19,72,374
1920057,1,2.83,4.69,60.4,12,45,293
1926217,1,5.85,23.0,25.4,45,206,648
1948483,1,3.97,5.0,79.3,21,56,302
1954663,1,4.81,14.96,32.2,37,141,523
1958166,1,4.15,5.06,82.0,52,87,304
1958181,1,6.83,6.1,112.0,23,65,334
1958186,1,2.65,3.0,88.4,10,31,234
1958216,1,22.85,25.77,88.7,277,458,686
1958245,1,1.63,3.34,48.8,9,32,247
1963265,1,3.4,5.49,62.0,16,55,316
1963277,1,4.2,6.84,61.3,23,71,353
1963892,1,7.81,2.64,295.5,10,28,220
1968390,1,3.55,11.62,30.6,21,102,460
1968452,1,1.83,5.76,31.8,10,51,324
1978835,1,5.54,19.8,28.0,36,175,601
1987709,1,3.82,9.28,41.1,21,86,412
2006812,1,51.79,37.78,137.1,137,402,830
2010329,1,2.92,3.17,92.2,14,36,240
2010511,1,2.55,4.05,62.9,25,54,272
2010568,1,2.3,4.09,56.2,12,41,273
2010902,1,3.54,5.6,63.3,19,58,320
2010916,1,0.89,1.88,47.6,5,18,185
2011073,1,0.99,1.87,52.9,4,17,185
2026945,1,14.37,22.13,64.9,99,254,636
2026983,1,4.71,7.95,59.2,21,77,381
2042436,1,16.0,28.98,55.2,92,295,727
2042941,1,33.56,64.07,52.4,157,605,1081
2042947,1,19.46,46.33,42.0,148,473,920
